season,season_label,unique_players,avg_age,min_age,max_age,missing_age
2425,2024/2025,568,25.994365233151132,16.763860369609855,39.26078028747433,0
